{"IcoMoonType":"selection","icons":[{"icon":{"paths":["M1356.006 74l179.994 180.001-768 768-768-768 180-180.001 588 588.001 588.006-588.001z"],"attrs":[{"opacity":0.5}],"width":1536,"isMulticolor":false,"isMulticolor2":false,"grid":0,"tags":["expand_more"]},"attrs":[{"opacity":0.5}],"properties":{"order":3,"id":0,"name":"expand_more","prevSize":32,"code":59648},"setIdx":0,"setId":2,"iconIdx":0}],"height":1024,"metadata":{"name":"icomoon"},"preferences":{"showGlyphs":true,"showQuickUse":true,"showQuickUse2":true,"showSVGs":true,"fontPref":{"prefix":"icon-","metadata":{"fontFamily":"icomoon"},"metrics":{"emSize":1024,"baseline":6.25,"whitespace":50},"embed":false,"autoHost":true},"imagePref":{"prefix":"icon-","png":true,"useClassSelector":true,"color":0,"bgColor":16777215,"classSelector":".icon"},"historySize":50,"showCodes":true,"gridSize":16,"quickUsageToken":{"UntitledProject":"NGQyMGIwZmU2ZTczZjA3ZWIxNTkwYjE4ZDJkOTA2M2YjMSMxNTY4MTE5NTIzIyMj"}}}